Model,RMSE,MAE,R2,Train_R2,Test_R2
Linear Regression,5.508575903260533,4.501055166874849,0.993617156919636,0.9929333571836616,0.993617156919636
Decision Tree,1.3237678694146602,1.0235296971789862,0.9996313967476146,0.9999219730231105,0.9996313967476146
Random Forest,1.069533468952475,0.8510099740277867,0.9997593841397134,0.9999405985706614,0.9997593841397134
