Model,RMSE,MAE,R2,Train_R2,Test_R2
Linear Regression,0.13308388693966672,0.1035960279590144,0.9853368398580586,0.9847015439460465,0.9853368398580586
Decision Tree,0.024633926612385146,0.010947807604028898,0.9994976066168039,0.999776898125104,0.9994976066168039
Random Forest,0.010511524643539357,0.005043011425610992,0.9999085238137726,0.9999805108112907,0.9999085238137726
